"Txhash","Blockno","UnixTimestamp","DateTime","From","To","ContractAddress","TokenId","TokenName","TokenSymbol"
"0x5470de12c00153942f6a9c3d74e070b1f4055885d8d2a1d57e0eb3a9bd8ca425","27829021","1682943317","2023-05-01 12:15:17","0x6a67398c803aefe4f7b6768d42ef76426bfe0f8d","0x1d86de65276b7e79018e5a7d3c22513cf27c52b8","0x8d87c61e1dd1351fbbc0026f478416b67e660726","638","ok.lets.ape.","OKLApe",""
"0x5470de12c00153942f6a9c3d74e070b1f4055885d8d2a1d57e0eb3a9bd8ca425","27829021","1682943317","2023-05-01 12:15:17","0x6a67398c803aefe4f7b6768d42ef76426bfe0f8d","0x1d86de65276b7e79018e5a7d3c22513cf27c52b8","0x8d87c61e1dd1351fbbc0026f478416b67e660726","644","ok.lets.ape.","OKLApe",""
"0x5470de12c00153942f6a9c3d74e070b1f4055885d8d2a1d57e0eb3a9bd8ca425","27829021","1682943317","2023-05-01 12:15:17","0x6a67398c803aefe4f7b6768d42ef76426bfe0f8d","0x1d86de65276b7e79018e5a7d3c22513cf27c52b8","0x8d87c61e1dd1351fbbc0026f478416b67e660726","632","ok.lets.ape.","OKLApe",""
"0x5470de12c00153942f6a9c3d74e070b1f4055885d8d2a1d57e0eb3a9bd8ca425","27829021","1682943317","2023-05-01 12:15:17","0x6a67398c803aefe4f7b6768d42ef76426bfe0f8d","0x1d86de65276b7e79018e5a7d3c22513cf27c52b8","0x8d87c61e1dd1351fbbc0026f478416b67e660726","650","ok.lets.ape.","OKLApe",""
"0x5470de12c00153942f6a9c3d74e070b1f4055885d8d2a1d57e0eb3a9bd8ca425","27829021","1682943317","2023-05-01 12:15:17","0x6a67398c803aefe4f7b6768d42ef76426bfe0f8d","0x1d86de65276b7e79018e5a7d3c22513cf27c52b8","0x8d87c61e1dd1351fbbc0026f478416b67e660726","648","ok.lets.ape.","OKLApe",""
"0x5470de12c00153942f6a9c3d74e070b1f4055885d8d2a1d57e0eb3a9bd8ca425","27829021","1682943317","2023-05-01 12:15:17","0x6a67398c803aefe4f7b6768d42ef76426bfe0f8d","0x1d86de65276b7e79018e5a7d3c22513cf27c52b8","0x8d87c61e1dd1351fbbc0026f478416b67e660726","646","ok.lets.ape.","OKLApe",""
"0x5470de12c00153942f6a9c3d74e070b1f4055885d8d2a1d57e0eb3a9bd8ca425","27829021","1682943317","2023-05-01 12:15:17","0x6a67398c803aefe4f7b6768d42ef76426bfe0f8d","0x1d86de65276b7e79018e5a7d3c22513cf27c52b8","0x8d87c61e1dd1351fbbc0026f478416b67e660726","642","ok.lets.ape.","OKLApe",""
"0x5470de12c00153942f6a9c3d74e070b1f4055885d8d2a1d57e0eb3a9bd8ca425","27829021","1682943317","2023-05-01 12:15:17","0x6a67398c803aefe4f7b6768d42ef76426bfe0f8d","0x1d86de65276b7e79018e5a7d3c22513cf27c52b8","0x8d87c61e1dd1351fbbc0026f478416b67e660726","640","ok.lets.ape.","OKLApe",""
"0x5470de12c00153942f6a9c3d74e070b1f4055885d8d2a1d57e0eb3a9bd8ca425","27829021","1682943317","2023-05-01 12:15:17","0x6a67398c803aefe4f7b6768d42ef76426bfe0f8d","0x1d86de65276b7e79018e5a7d3c22513cf27c52b8","0x8d87c61e1dd1351fbbc0026f478416b67e660726","636","ok.lets.ape.","OKLApe",""
"0x5470de12c00153942f6a9c3d74e070b1f4055885d8d2a1d57e0eb3a9bd8ca425","27829021","1682943317","2023-05-01 12:15:17","0x6a67398c803aefe4f7b6768d42ef76426bfe0f8d","0x1d86de65276b7e79018e5a7d3c22513cf27c52b8","0x8d87c61e1dd1351fbbc0026f478416b67e660726","634","ok.lets.ape.","OKLApe",""
